frame_id,location,status,none,multiple,prohibited,looking_away,looking_right,looking_left,verified,headpose
1,images/frame1.jpg,1.0,,,,,,,,
2,images/frame2.jpg,1.0,,,,,,,,
3,images/frame3.jpg,1.0,,,,,,,,
4,images/frame4.jpg,1.0,,,,,,,,
5,images/frame5.jpg,1.0,,,,,,,,
6,images/frame6.jpg,1.0,,,,,,,,
7,images/frame7.jpg,1.0,,,,,,,,
8,images/frame8.jpg,1.0,,,,,,,,
9,images/frame9.jpg,1.0,,,,,,,,
10,images/frame10.jpg,1.0,,,,,,,,
11,images/frame11.jpg,1.0,,,,,,,,
12,images/frame12.jpg,1.0,,,,,,,,
13,images/frame13.jpg,1.0,,,,,,,,
14,images/frame14.jpg,1.0,,,,,,,,
15,images/frame15.jpg,1.0,,,,,,,,
16,images/frame16.jpg,1.0,,,,,,,,
17,images/frame17.jpg,1.0,,,,,,,,
18,images/frame18.jpg,1.0,,,,,,,,
19,images/frame19.jpg,1.0,,,,,,,True,
20,images/frame20.jpg,1.0,,,,,,,,
21,images/frame21.jpg,1.0,,,,,,,,
22,images/frame22.jpg,1.0,,,,,,,,
23,images/frame23.jpg,1.0,,,,,,,,
24,images/frame24.jpg,1.0,,,,,,,,
25,images/frame25.jpg,1.0,,,,,,,,
26,images/frame26.jpg,1.0,,,,,,,,
27,images/frame27.jpg,1.0,,,,,,,,
28,images/frame28.jpg,1.0,,,,,,,,
29,images/frame29.jpg,1.0,,,,,,,,
30,images/frame30.jpg,1.0,,,,,,,,
31,images/frame31.jpg,1.0,,,,,,,,
32,images/frame32.jpg,1.0,,,,,,,,
33,images/frame33.jpg,1.0,,,,,,,,
34,images/frame34.jpg,1.0,,,,,,,,
35,images/frame35.jpg,1.0,,,,,,,,
36,images/frame36.jpg,1.0,,,,,,,,
37,images/frame37.jpg,1.0,,,,,,,,
38,images/frame38.jpg,1.0,,,,,,,,
39,images/frame39.jpg,1.0,,,,,,,,
40,images/frame40.jpg,1.0,,,,,,,,
41,images/frame41.jpg,1.0,,,,,,,,
42,images/frame42.jpg,1.0,,,,,,,,
43,images/frame43.jpg,1.0,,,,,,,,
44,images/frame44.jpg,1.0,,,,,,,,
45,images/frame45.jpg,1.0,,,,,,,,
46,images/frame46.jpg,1.0,,,,,,,,
47,images/frame47.jpg,1.0,,,,,,,,
48,images/frame48.jpg,1.0,,,,,,,,
49,images/frame49.jpg,1.0,,,,,,,,
50,images/frame50.jpg,1.0,,,,,,,,
51,images/frame51.jpg,1.0,,,,,,,,
52,images/frame52.jpg,1.0,,,,,,,,
53,images/frame53.jpg,1.0,,,,,,,,
54,images/frame54.jpg,1.0,,,,,,,,
55,images/frame55.jpg,1.0,,,,,,,,
56,images/frame56.jpg,1.0,,,,,,,,
57,images/frame57.jpg,1.0,,,,,,,,
58,images/frame58.jpg,1.0,,,,,,,,
59,images/frame59.jpg,1.0,,,,,,,,
60,images/frame60.jpg,1.0,,,,,,,,
61,images/frame61.jpg,1.0,,,,,,,,
62,images/frame62.jpg,1.0,,,,,,,,
63,images/frame63.jpg,1.0,,,,,,,,
64,images/frame64.jpg,1.0,,,,,,,,
65,images/frame65.jpg,1.0,,,,,,,,
66,images/frame66.jpg,1.0,,,,,,,,
67,images/frame67.jpg,1.0,,,,,,,,
68,images/frame68.jpg,1.0,,,,,,,,
69,images/frame69.jpg,1.0,,,,,,,,
70,images/frame70.jpg,1.0,,,,,,,,
71,images/frame71.jpg,1.0,,,,,,,,
72,images/frame72.jpg,1.0,,,,,,,,
73,images/frame73.jpg,1.0,,,,,,,,
74,images/frame74.jpg,1.0,,,,,,,,
75,images/frame75.jpg,1.0,,,,,,,,
76,images/frame76.jpg,1.0,,,,,,,,
77,images/frame77.jpg,1.0,,,,,,,,
78,images/frame78.jpg,1.0,,,,,,,,
79,images/frame79.jpg,1.0,,,,,,,,
80,images/frame80.jpg,1.0,,,,,,,,
81,images/frame81.jpg,1.0,,,,,,,,
82,images/frame82.jpg,1.0,,,,,,,,
83,images/frame83.jpg,1.0,,,,,,,,
84,images/frame84.jpg,1.0,,,,,,,,
85,images/frame85.jpg,1.0,,,,,,,,
86,images/frame86.jpg,1.0,,,,,,,,
87,images/frame87.jpg,1.0,,,,,,,,
88,images/frame88.jpg,1.0,,,,,,,,
89,images/frame89.jpg,1.0,,,,,,,,
90,images/frame90.jpg,1.0,,,,,,,,
91,images/frame91.jpg,1.0,,,,,,,,
92,images/frame92.jpg,1.0,,,,,,,,
93,images/frame93.jpg,1.0,,,,,,,,
94,images/frame94.jpg,1.0,,,,,,,,
95,images/frame95.jpg,1.0,,,,,,,,
96,images/frame96.jpg,1.0,,,,,,,True,
97,images/frame97.jpg,1.0,,,,,,,,
98,images/frame98.jpg,1.0,,,,,,,,
99,images/frame99.jpg,1.0,,,,,,,,
100,images/frame100.jpg,1.0,,,,,,,,
101,images/frame101.jpg,1.0,,,,,,,,
102,images/frame102.jpg,1.0,,,,,,,,
103,images/frame103.jpg,1.0,,,,,,,,
104,images/frame104.jpg,1.0,,,,,,,,
105,images/frame105.jpg,1.0,,,,,,,,
106,images/frame106.jpg,1.0,,,,,,,,
107,images/frame107.jpg,1.0,,,,,,,,
108,images/frame108.jpg,1.0,,,,,,,,
109,images/frame109.jpg,1.0,,,,,,,,
110,images/frame110.jpg,1.0,,,,,,,,
111,images/frame111.jpg,1.0,,,,,,,,
112,images/frame112.jpg,1.0,,,,,,,,
113,images/frame113.jpg,1.0,,,,,,,,
114,images/frame114.jpg,1.0,,,,,,,,
115,images/frame115.jpg,1.0,,,,,,,,
116,images/frame116.jpg,1.0,,,,,,,,
117,images/frame117.jpg,1.0,,,,,,,,
118,images/frame118.jpg,1.0,,,,,,,,
119,images/frame119.jpg,1.0,,,,,,,,
120,images/frame120.jpg,1.0,,,,,,,,
121,images/frame121.jpg,1.0,,,,,,,,
122,images/frame122.jpg,1.0,,,,,,,,
123,images/frame123.jpg,1.0,,,,,,,,
124,images/frame124.jpg,1.0,,,,,,,,
125,images/frame125.jpg,1.0,,,,,,,,
126,images/frame126.jpg,1.0,,,,,,,,
127,images/frame127.jpg,1.0,,,,,,,,
128,images/frame128.jpg,1.0,,,,,,,,
129,images/frame129.jpg,1.0,,,,,,,,
130,images/frame130.jpg,1.0,,,,,,,,
131,images/frame131.jpg,1.0,,,,,,,,
132,images/frame132.jpg,1.0,,,,,,,,
133,images/frame133.jpg,1.0,,,,,,,,
134,images/frame134.jpg,1.0,,,,,,,,
135,images/frame135.jpg,1.0,,,,,,,,
136,images/frame136.jpg,1.0,,,,,,,,
137,images/frame137.jpg,1.0,,,,,,,,
138,images/frame138.jpg,1.0,,,,,,,,
139,images/frame139.jpg,1.0,,,,,,,,
140,images/frame140.jpg,1.0,,,,,,,,
141,images/frame141.jpg,1.0,,,,,,,,
142,images/frame142.jpg,1.0,,,,,,,,
143,images/frame143.jpg,1.0,,,,,,,,
144,images/frame144.jpg,1.0,,,,,,,,
145,images/frame145.jpg,1.0,,,,,,,,
146,images/frame146.jpg,1.0,,,,,,,,
147,images/frame147.jpg,1.0,,,,,,,,
148,images/frame148.jpg,1.0,,,,,,,,
149,images/frame149.jpg,1.0,,,,,,,,Head up
150,images/frame150.jpg,1.0,,,,,,,,Head down
151,images/frame151.jpg,1.0,,,,,,,,
152,images/frame152.jpg,1.0,,,,,,,True,
153,images/frame153.jpg,1.0,,,,,,,,
154,images/frame154.jpg,1.0,,,,,,,,
155,images/frame155.jpg,1.0,,,,,,,,
156,images/frame156.jpg,1.0,,,,,,,,
157,images/frame157.jpg,1.0,,,,,,,,
158,images/frame158.jpg,1.0,,,,,,,,
159,images/frame159.jpg,1.0,,,,,,,,
160,images/frame160.jpg,1.0,,,,,,,,
161,images/frame161.jpg,1.0,,,,,,,,
162,images/frame162.jpg,1.0,,,,,,,,
163,images/frame163.jpg,1.0,,,,,,,,
164,images/frame164.jpg,1.0,,,,,,,,
165,images/frame165.jpg,1.0,,,,,,,,
166,images/frame166.jpg,1.0,,,,,,,,
167,images/frame167.jpg,1.0,,,,,,,,
168,images/frame168.jpg,1.0,,,,,,,,
169,images/frame169.jpg,1.0,,,,,,,,
170,images/frame170.jpg,1.0,,,,,,,,
171,images/frame171.jpg,1.0,,,,,,,,
172,images/frame172.jpg,1.0,,,,,,,,
173,images/frame173.jpg,1.0,,,,,,,,
174,images/frame174.jpg,1.0,,,,,,,,
175,images/frame175.jpg,1.0,,,,,,,,
176,images/frame176.jpg,1.0,,,,,,,,
177,images/frame177.jpg,1.0,,,,,,,,
178,images/frame178.jpg,1.0,,,,,,,,
179,images/frame179.jpg,1.0,,,,,,,,
180,images/frame180.jpg,1.0,,,,,,,,
181,images/frame181.jpg,1.0,,,,,,,,
182,images/frame182.jpg,1.0,,,,,,,,
183,images/frame183.jpg,1.0,,,,,,,,
184,images/frame184.jpg,1.0,,,,,,,,
185,images/frame185.jpg,1.0,,,,,,,,
186,images/frame186.jpg,1.0,,,,,,,,
187,images/frame187.jpg,1.0,,,,,,,,
188,images/frame188.jpg,1.0,,,,,,,,
189,images/frame189.jpg,1.0,,,,,,,,
190,images/frame190.jpg,1.0,,,,,,,,
191,images/frame191.jpg,1.0,,,,,,,,
192,images/frame192.jpg,1.0,,,,,,,,
193,images/frame193.jpg,1.0,,,,,,,,
194,images/frame194.jpg,1.0,,,,,,,,
195,images/frame195.jpg,1.0,,,,,,,,
196,images/frame196.jpg,1.0,,,,,,,,
197,images/frame197.jpg,1.0,,,,,,,,
198,images/frame198.jpg,1.0,,,,,,,,
199,images/frame199.jpg,1.0,,,,,,,,
200,images/frame200.jpg,1.0,,,,,,,,
201,images/frame201.jpg,1.0,,,,,,,,
202,images/frame202.jpg,1.0,,,,,,,,
203,images/frame203.jpg,1.0,,,,,,,,
204,images/frame204.jpg,1.0,,,,,,,,
205,images/frame205.jpg,1.0,,,,,,,,
206,images/frame206.jpg,1.0,,,,,,,,
207,images/frame207.jpg,1.0,,,,,,,,
208,images/frame208.jpg,1.0,,,,,,,,
209,images/frame209.jpg,1.0,,,,,,,,
210,images/frame210.jpg,1.0,,,,,,,,
211,images/frame211.jpg,1.0,,,,,,,,
212,images/frame212.jpg,1.0,,,,,,,,
213,images/frame213.jpg,1.0,,,,,,,,
214,images/frame214.jpg,1.0,,,,,,,,
215,images/frame215.jpg,1.0,,,,,,,,
216,images/frame216.jpg,1.0,,,,,,,,
217,images/frame217.jpg,1.0,,,,,,,,
218,images/frame218.jpg,1.0,,,,,,,,
219,images/frame219.jpg,1.0,,,,,,,,
220,images/frame220.jpg,1.0,,,,,,,,
221,images/frame221.jpg,1.0,,,,,,,,
222,images/frame222.jpg,1.0,,,,,,,,
223,images/frame223.jpg,1.0,,,,,,,,
224,images/frame224.jpg,1.0,,,,,,,,
225,images/frame225.jpg,1.0,,,,,,,,
226,images/frame226.jpg,1.0,,,,,,,,
227,images/frame227.jpg,1.0,,,,,,,,
228,images/frame228.jpg,1.0,,,,,,,,
229,images/frame229.jpg,1.0,,,,,,,,
230,images/frame230.jpg,1.0,,,,,,,,
231,images/frame231.jpg,1.0,,,,,,,,
232,images/frame232.jpg,1.0,,,,,,,,Head down
233,images/frame233.jpg,1.0,,,,,,,,
234,images/frame234.jpg,1.0,,,,,,,,
235,images/frame235.jpg,1.0,,,,,,,,
236,images/frame236.jpg,1.0,,,,,,,,
237,images/frame237.jpg,1.0,,,,,,,,
238,images/frame238.jpg,1.0,,,,,,,,
239,images/frame239.jpg,1.0,,,,,,,,
240,images/frame240.jpg,1.0,,,,,,,,
241,images/frame241.jpg,1.0,,,,,,,,
242,images/frame242.jpg,1.0,,,,,,,,
243,images/frame243.jpg,1.0,,,,,,,,
244,images/frame244.jpg,1.0,,,,,,,,
245,images/frame245.jpg,1.0,,,,,,,,
246,images/frame246.jpg,1.0,,,,,,,,
247,images/frame247.jpg,1.0,,,,,,,,
248,images/frame248.jpg,1.0,,,,,,,True,
249,images/frame249.jpg,1.0,,,,,,,,
250,images/frame250.jpg,1.0,,,,,,,,
251,images/frame251.jpg,1.0,,,,,,,,
252,images/frame252.jpg,1.0,,,,,,,,
253,images/frame253.jpg,1.0,,,,,,,,
254,images/frame254.jpg,1.0,,,,,,,,
255,images/frame255.jpg,1.0,,,,,,,,
256,images/frame256.jpg,1.0,,,,,,,,
257,images/frame257.jpg,1.0,,,,,,,,
258,images/frame258.jpg,1.0,,,,,,,,
259,images/frame259.jpg,1.0,,,,,,,,
260,images/frame260.jpg,1.0,,,,,,,,
261,images/frame261.jpg,1.0,,,,,,,,
262,images/frame262.jpg,1.0,,,,,,,,
263,images/frame263.jpg,1.0,,,,,,,,
264,images/frame264.jpg,1.0,,,,,,,,
265,images/frame265.jpg,1.0,,,,,,,,
266,images/frame266.jpg,1.0,,,,,,,,
267,images/frame267.jpg,1.0,,,,,,,,
268,images/frame268.jpg,1.0,,,,,,,,
269,images/frame269.jpg,1.0,,,,,,,,
270,images/frame270.jpg,1.0,,,,,,,,
271,images/frame271.jpg,1.0,,,,,,,,
272,images/frame272.jpg,1.0,,,,,,,,
273,images/frame273.jpg,1.0,,,,,,,,
274,images/frame274.jpg,1.0,,,,,,,,
275,images/frame275.jpg,1.0,,,,,,,,
276,images/frame276.jpg,1.0,,,,,,,,
277,images/frame277.jpg,1.0,,,,,,,,
278,images/frame278.jpg,1.0,,,,,,,,
279,images/frame279.jpg,1.0,,,,,,,Error,
280,images/frame280.jpg,,,,,,1.0,,,
281,images/frame281.jpg,,,,,,1.0,,,
282,images/frame282.jpg,,,,,,1.0,,,
283,images/frame283.jpg,,,,,,1.0,,,
284,images/frame284.jpg,1.0,,,,,,,,
285,images/frame285.jpg,1.0,,,,,,,,
286,images/frame286.jpg,1.0,,,,,,,,
287,images/frame287.jpg,1.0,,,,,,,,
288,images/frame288.jpg,1.0,,,,,,,,
289,images/frame289.jpg,1.0,,,,,,,,
290,images/frame290.jpg,1.0,,,,,,,,
291,images/frame291.jpg,1.0,,,,,,,,
292,images/frame292.jpg,1.0,,,,,,,,
293,images/frame293.jpg,1.0,,,,,,,,
294,images/frame294.jpg,1.0,,,,,,,,
295,images/frame295.jpg,1.0,,,,,,,,
296,images/frame296.jpg,1.0,,,,,,,,
297,images/frame297.jpg,1.0,,,,,,,,
298,images/frame298.jpg,1.0,,,,,,,,
299,images/frame299.jpg,1.0,,,,,,,,
300,images/frame300.jpg,1.0,,,,,,,,
301,images/frame301.jpg,1.0,,,,,,,,
302,images/frame302.jpg,1.0,,,,,,,,
303,images/frame303.jpg,1.0,,,,,,,,
304,images/frame304.jpg,1.0,,,,,,,,
305,images/frame305.jpg,1.0,,,,,,,,
306,images/frame306.jpg,1.0,,,,,,,,
307,images/frame307.jpg,1.0,,,,,,,,
308,images/frame308.jpg,1.0,,,,,,,,
309,images/frame309.jpg,1.0,,,,,,,,
310,images/frame310.jpg,1.0,,,,,,,,
311,images/frame311.jpg,1.0,,,,,,,,
312,images/frame312.jpg,1.0,,,,,,,,
313,images/frame313.jpg,1.0,,,,,,,,
314,images/frame314.jpg,1.0,,,,,,,,
315,images/frame315.jpg,1.0,,,,,,,,
316,images/frame316.jpg,1.0,,,,,,,,
317,images/frame317.jpg,1.0,,,,,,,,
318,images/frame318.jpg,1.0,,,,,,,,
319,images/frame319.jpg,1.0,,,,,,,True,
320,images/frame320.jpg,1.0,,,,,,,True,
321,images/frame321.jpg,1.0,,,,,,,,
322,images/frame322.jpg,1.0,,,,,,,,
323,images/frame323.jpg,1.0,,,,,,,,
324,images/frame324.jpg,1.0,,,,,,,,
325,images/frame325.jpg,1.0,,,,,,,,
326,images/frame326.jpg,1.0,,,,,,,,
327,images/frame327.jpg,1.0,,,,,,,,
328,images/frame328.jpg,1.0,,,,,,,,
329,images/frame329.jpg,1.0,,,,,,,,
330,images/frame330.jpg,1.0,,,,,,,,
331,images/frame331.jpg,1.0,,,,,,,,
332,images/frame332.jpg,1.0,,,,,,,,
333,images/frame333.jpg,1.0,,,,,,,,
334,images/frame334.jpg,1.0,,,,,,,,
335,images/frame335.jpg,1.0,,,,,,,,
336,images/frame336.jpg,1.0,,,,,,,,
337,images/frame337.jpg,1.0,,,,,,,,
338,images/frame338.jpg,1.0,,,,,,,,
339,images/frame339.jpg,1.0,,,,,,,,
340,images/frame340.jpg,1.0,,,,,,,,
341,images/frame341.jpg,1.0,,,,,,,,
342,images/frame342.jpg,1.0,,,,,,,,
343,images/frame343.jpg,1.0,,,,,,,,
344,images/frame344.jpg,1.0,,,,,,,,
345,images/frame345.jpg,1.0,,,,,,,,
346,images/frame346.jpg,1.0,,,,,,,,Head up
347,images/frame347.jpg,1.0,,,,,,,,
348,images/frame348.jpg,1.0,,,,,,,,
349,images/frame349.jpg,1.0,,,,,,,,
350,images/frame350.jpg,1.0,,,,,,,,
351,images/frame351.jpg,1.0,,,,,,,,
352,images/frame352.jpg,1.0,,,,,,,,
353,images/frame353.jpg,1.0,,,,,,,,
354,images/frame354.jpg,1.0,,,,,,,,
355,images/frame355.jpg,1.0,,,,,,,,
356,images/frame356.jpg,1.0,,,,,,,,
357,images/frame357.jpg,1.0,,,,,,,,
358,images/frame358.jpg,1.0,,,,,,,,
359,images/frame359.jpg,1.0,,,,,,,,
360,images/frame360.jpg,1.0,,,,,,,,
361,images/frame361.jpg,1.0,,,,,,,,
362,images/frame362.jpg,1.0,,,,,,,,
363,images/frame363.jpg,1.0,,,,,,,,
364,images/frame364.jpg,1.0,,,,,,,,
365,images/frame365.jpg,1.0,,,,,,,,
366,images/frame366.jpg,1.0,,,,,,,,
367,images/frame367.jpg,,,,,,,1.0,,
368,images/frame368.jpg,1.0,,,,,,,,
369,images/frame369.jpg,,,,,,1.0,,,
370,images/frame370.jpg,1.0,,,,,,,,
371,images/frame371.jpg,,,,,1.0,,,,
372,images/frame372.jpg,,,,,1.0,,,,
373,images/frame373.jpg,,,,,1.0,,,,
374,images/frame374.jpg,,,,,1.0,,,,Head up
375,images/frame375.jpg,,1.0,,,,,,,
376,images/frame376.jpg,,,,,1.0,,,,
377,images/frame377.jpg,,,,,1.0,,,,
378,images/frame378.jpg,,,,,1.0,,,,
379,images/frame379.jpg,,,,,1.0,,,,
380,images/frame380.jpg,,1.0,,,,,,,
381,images/frame381.jpg,,1.0,,,,,,,
382,images/frame382.jpg,,1.0,,,,,,,
383,images/frame383.jpg,,,,,,,1.0,,
384,images/frame384.jpg,,1.0,,,,,,,
385,images/frame385.jpg,,1.0,,,,,,,
386,images/frame386.jpg,,1.0,,,,,,,
387,images/frame387.jpg,,,,,1.0,,,,
388,images/frame388.jpg,,,,,1.0,,,,
389,images/frame389.jpg,,,,,,,1.0,,
390,images/frame390.jpg,,,,,1.0,,,,
391,images/frame391.jpg,,1.0,,,,,,,
392,images/frame392.jpg,,1.0,,,,,,,
393,images/frame393.jpg,,1.0,,,,,,,
394,images/frame394.jpg,,,,,,,1.0,,
395,images/frame395.jpg,,,,,,,1.0,,
396,images/frame396.jpg,,,,,,,1.0,,
397,images/frame397.jpg,,,,,,,1.0,,
398,images/frame398.jpg,,,,,1.0,,,,
399,images/frame399.jpg,,,,,,,1.0,,
400,images/frame400.jpg,,,,,1.0,,,,
401,images/frame401.jpg,,,,,1.0,,,,
402,images/frame402.jpg,,1.0,,,,,,,
403,images/frame403.jpg,,,,,1.0,,,,
404,images/frame404.jpg,,1.0,,,,,,,
405,images/frame405.jpg,,,,,1.0,,,,
406,images/frame406.jpg,,,,,1.0,,,,
407,images/frame407.jpg,,,,,1.0,,,,
408,images/frame408.jpg,,,,,1.0,,,,
409,images/frame409.jpg,,,,,1.0,,,,
410,images/frame410.jpg,,,,,1.0,,,,
411,images/frame411.jpg,,,,,1.0,,,,
412,images/frame412.jpg,,1.0,,,,,,,
413,images/frame413.jpg,,1.0,,,,,,,
414,images/frame414.jpg,,1.0,,,,,,,
415,images/frame415.jpg,,1.0,,,,,,Error,
416,images/frame416.jpg,,1.0,,,,,,Error,
417,images/frame417.jpg,,1.0,,,,,,,
418,images/frame418.jpg,,1.0,,,,,,,
419,images/frame419.jpg,,,,,1.0,,,,
420,images/frame420.jpg,,,,,1.0,,,,
421,images/frame421.jpg,,,,,1.0,,,,
422,images/frame422.jpg,,,,,,1.0,,,
423,images/frame423.jpg,1.0,,,,,,,,
424,images/frame424.jpg,1.0,,,,,,,,
425,images/frame425.jpg,1.0,,,,,,,,
426,images/frame426.jpg,1.0,,,,,,,,
427,images/frame427.jpg,1.0,,,,,,,,
428,images/frame428.jpg,1.0,,,,,,,,
429,images/frame429.jpg,1.0,,,,,,,,
430,images/frame430.jpg,1.0,,,,,,,,
431,images/frame431.jpg,1.0,,,,,,,,
432,images/frame432.jpg,1.0,,,,,,,,
433,images/frame433.jpg,1.0,,,,,,,,
434,images/frame434.jpg,1.0,,,,,,,,
435,images/frame435.jpg,1.0,,,,,,,,
436,images/frame436.jpg,1.0,,,,,,,,
437,images/frame437.jpg,1.0,,,,,,,,
438,images/frame438.jpg,1.0,,,,,,,,
439,images/frame439.jpg,1.0,,,,,,,,
440,images/frame440.jpg,1.0,,,,,,,,
441,images/frame441.jpg,1.0,,,,,,,,
442,images/frame442.jpg,1.0,,,,,,,,
443,images/frame443.jpg,1.0,,,,,,,,
444,images/frame444.jpg,1.0,,,,,,,,
445,images/frame445.jpg,1.0,,,,,,,,
446,images/frame446.jpg,1.0,,,,,,,,
447,images/frame447.jpg,,,,,,1.0,,,Head up
448,images/frame448.jpg,,,,,1.0,,,,Head up
449,images/frame449.jpg,,,,,1.0,,,Error,Head up
450,images/frame450.jpg,,,,,1.0,,,,Head up
451,images/frame451.jpg,,,,,1.0,,,,
452,images/frame452.jpg,,,,,1.0,,,,
453,images/frame453.jpg,,,,,1.0,,,,
454,images/frame454.jpg,,,,,1.0,,,,
455,images/frame455.jpg,,,,,1.0,,,,Head left
456,images/frame456.jpg,,,,,1.0,,,,
457,images/frame457.jpg,,,,,1.0,,,,
458,images/frame458.jpg,,,,,1.0,,,,Head left
459,images/frame459.jpg,,,,,1.0,,,,Head left
460,images/frame460.jpg,,,,,1.0,,,,Head left
461,images/frame461.jpg,,,,,1.0,,,,Head left
462,images/frame462.jpg,,,,,1.0,,,,Head left
463,images/frame463.jpg,,,,,1.0,,,,Head left
464,images/frame464.jpg,,,,,1.0,,,,Head left
465,images/frame465.jpg,,,,,1.0,,,,Head left
466,images/frame466.jpg,,,,,1.0,,,,Head left
467,images/frame467.jpg,,,,,1.0,,,,Head left
468,images/frame468.jpg,,,,,1.0,,,,Head left
469,images/frame469.jpg,,,,,1.0,,,,Head left
470,images/frame470.jpg,,,,,1.0,,,,Head left
471,images/frame471.jpg,,,,,1.0,,,,Head left
472,images/frame472.jpg,,,,,1.0,,,,Head left
473,images/frame473.jpg,,,,,1.0,,,,Head left
474,images/frame474.jpg,,,,,1.0,,,,Head left
475,images/frame475.jpg,,,,,1.0,,,,Head left
476,images/frame476.jpg,,,,,1.0,,,,Head left
477,images/frame477.jpg,,,,,1.0,,,,Head left
478,images/frame478.jpg,,,,,1.0,,,Error,Head left
479,images/frame479.jpg,,,,,1.0,,,,Head left
480,images/frame480.jpg,,,,,1.0,,,,Head left
481,images/frame481.jpg,,,,,1.0,,,,Head left
482,images/frame482.jpg,,,,,1.0,,,,Head left
483,images/frame483.jpg,,,,,1.0,,,,Head left
484,images/frame484.jpg,,,,,1.0,,,,Head left
485,images/frame485.jpg,,,,,1.0,,,,Head left
486,images/frame486.jpg,,,,,1.0,,,,Head left
487,images/frame487.jpg,,,,,1.0,,,,Head left
488,images/frame488.jpg,,,,,1.0,,,,Head left
489,images/frame489.jpg,,,,,1.0,,,,Head left
490,images/frame490.jpg,,,,,1.0,,,,Head left
491,images/frame491.jpg,,,,,1.0,,,,Head left
492,images/frame492.jpg,,,,,1.0,,,,Head left
493,images/frame493.jpg,,,,,1.0,,,,Head left
494,images/frame494.jpg,,,,,1.0,,,,Head left
495,images/frame495.jpg,,,,,1.0,,,,Head left
496,images/frame496.jpg,,,,,1.0,,,,Head left
497,images/frame497.jpg,,,,,1.0,,,,Head left
498,images/frame498.jpg,,,,,1.0,,,,Head left
499,images/frame499.jpg,,,,,1.0,,,,Head left
500,images/frame500.jpg,,,,,1.0,,,,Head left
501,images/frame501.jpg,,,,,1.0,,,,Head left
502,images/frame502.jpg,,,,,1.0,,,,Head left
503,images/frame503.jpg,,,,,1.0,,,,Head left
504,images/frame504.jpg,,,,,1.0,,,,Head left
505,images/frame505.jpg,,,,,1.0,,,,Head left
506,images/frame506.jpg,,,,,1.0,,,,Head left
507,images/frame507.jpg,,,,,1.0,,,,Head left
508,images/frame508.jpg,,,,,1.0,,,,Head left
509,images/frame509.jpg,,,,,1.0,,,,Head left
510,images/frame510.jpg,,,,,1.0,,,,Head left
511,images/frame511.jpg,,,,,1.0,,,,Head left
512,images/frame512.jpg,,,,,1.0,,,,Head left
513,images/frame513.jpg,,,,,1.0,,,,Head left
514,images/frame514.jpg,,,,,1.0,,,,Head left
515,images/frame515.jpg,,,,,1.0,,,,Head left
516,images/frame516.jpg,,,,,1.0,,,,Head left
517,images/frame517.jpg,,,,,1.0,,,,Head left
518,images/frame518.jpg,,,,,1.0,,,,Head left
519,images/frame519.jpg,,,,,1.0,,,,Head left
520,images/frame520.jpg,,,,,1.0,,,,Head left
521,images/frame521.jpg,,,,,1.0,,,,Head left
522,images/frame522.jpg,,,,,1.0,,,,Head left
523,images/frame523.jpg,,,,,1.0,,,,Head left
524,images/frame524.jpg,,,,,1.0,,,,Head left
525,images/frame525.jpg,,,,,1.0,,,,Head left
526,images/frame526.jpg,,,,,1.0,,,,Head left
527,images/frame527.jpg,,,,,1.0,,,,Head left
528,images/frame528.jpg,,,,,1.0,,,,Head left
529,images/frame529.jpg,,,,,1.0,,,,Head left
530,images/frame530.jpg,,,,,1.0,,,,
531,images/frame531.jpg,,,,,1.0,,,,
532,images/frame532.jpg,,,,,1.0,,,,
533,images/frame533.jpg,1.0,,,,,,,,
534,images/frame534.jpg,1.0,,,,,,,,
535,images/frame535.jpg,1.0,,,,,,,,
536,images/frame536.jpg,1.0,,,,,,,,
537,images/frame537.jpg,1.0,,,,,,,,
538,images/frame538.jpg,1.0,,,,,,,True,
539,images/frame539.jpg,1.0,,,,,,,,
540,images/frame540.jpg,1.0,,,,,,,,
541,images/frame541.jpg,1.0,,,,,,,,Head up
542,images/frame542.jpg,1.0,,,,,,,,
543,images/frame543.jpg,1.0,,,,,,,,
544,images/frame544.jpg,1.0,,,,,,,,Head up
545,images/frame545.jpg,1.0,,,,,,,,
546,images/frame546.jpg,1.0,,,,,,,,
547,images/frame547.jpg,1.0,,,,,,,,
548,images/frame548.jpg,1.0,,,,,,,,
549,images/frame549.jpg,1.0,,,,,,,,
550,images/frame550.jpg,1.0,,,,,,,,
551,images/frame551.jpg,1.0,,,,,,,,
552,images/frame552.jpg,1.0,,,,,,,,
553,images/frame553.jpg,1.0,,,,,,,,
554,images/frame554.jpg,1.0,,,,,,,,
555,images/frame555.jpg,1.0,,,,,,,,
556,images/frame556.jpg,1.0,,,,,,,,
557,images/frame557.jpg,1.0,,,,,,,,
558,images/frame558.jpg,1.0,,,,,,,,Head up
559,images/frame559.jpg,1.0,,,,,,,,Head down
560,images/frame560.jpg,,,,,1.0,,,,
561,images/frame561.jpg,,,,,,,1.0,,
562,images/frame562.jpg,,,,,1.0,,,,Head right
563,images/frame563.jpg,,,,,1.0,,,,Head right
564,images/frame564.jpg,,,,,1.0,,,,Head right
565,images/frame565.jpg,,,,,,1.0,,,Head right
566,images/frame566.jpg,,,,,,1.0,,,Head right
567,images/frame567.jpg,,,,,1.0,,,,Head right
568,images/frame568.jpg,,,,,1.0,,,Error,Head right
569,images/frame569.jpg,,,,,1.0,,,,Head right
570,images/frame570.jpg,,,,,,,1.0,,Head right
571,images/frame571.jpg,,,,,1.0,,,,Head right
572,images/frame572.jpg,,,,,1.0,,,,Head right
573,images/frame573.jpg,,,,,1.0,,,,Head right
574,images/frame574.jpg,,,,,,,1.0,,Head right
575,images/frame575.jpg,,,,,1.0,,,,Head right
576,images/frame576.jpg,,,,,,,1.0,,Head right
577,images/frame577.jpg,,,,,,,1.0,,Head right
578,images/frame578.jpg,,,,,1.0,,,,Head right
579,images/frame579.jpg,,,,,1.0,,,,Head right
580,images/frame580.jpg,,,,,1.0,,,,Head right
581,images/frame581.jpg,,,,,,,1.0,,Head right
582,images/frame582.jpg,,,,,,,1.0,,Head right
583,images/frame583.jpg,,,,,,,1.0,,Head right
584,images/frame584.jpg,,,,,,,1.0,,Head right
585,images/frame585.jpg,,,,,,,1.0,,Head right
586,images/frame586.jpg,,,,,,,1.0,,Head right
587,images/frame587.jpg,,,,,1.0,,,,Head right
588,images/frame588.jpg,,,,,1.0,,,,Head right
589,images/frame589.jpg,,,,,1.0,,,,Head right
590,images/frame590.jpg,,,,,,,1.0,,Head right
591,images/frame591.jpg,,,,,1.0,,,,Head right
592,images/frame592.jpg,,,,,,,1.0,,Head right
593,images/frame593.jpg,,,,,1.0,,,,Head right
594,images/frame594.jpg,,,,,1.0,,,,Head right
595,images/frame595.jpg,,,,,1.0,,,Error,Head right
596,images/frame596.jpg,,,,,,,1.0,,Head right
597,images/frame597.jpg,,,,,,,1.0,,Head right
598,images/frame598.jpg,,,,,1.0,,,,Head right
599,images/frame599.jpg,,,,,1.0,,,,Head right
600,images/frame600.jpg,,,,,1.0,,,,Head right
601,images/frame601.jpg,,,,,1.0,,,,Head right
602,images/frame602.jpg,,,,,,,1.0,,Head right
603,images/frame603.jpg,,,,,,,1.0,,Head right
604,images/frame604.jpg,,,,,1.0,,,,Head right
605,images/frame605.jpg,,,,,,,1.0,,Head right
606,images/frame606.jpg,,,,,1.0,,,,Head right
607,images/frame607.jpg,,,,,,,1.0,,Head right
608,images/frame608.jpg,,,,,,,1.0,,Head right
609,images/frame609.jpg,,,,,,,1.0,,Head right
610,images/frame610.jpg,,,,,,,1.0,,Head right
611,images/frame611.jpg,,,,,,,1.0,Error,Head right
612,images/frame612.jpg,,,,,1.0,,,,Head right
613,images/frame613.jpg,,,,,,,1.0,,Head right
614,images/frame614.jpg,,,,,,,1.0,,Head right
615,images/frame615.jpg,,,,,,,1.0,,Head right
616,images/frame616.jpg,,,,,,,1.0,,Head right
617,images/frame617.jpg,,,,,,,1.0,,Head right
618,images/frame618.jpg,,,,,,,1.0,,Head right
619,images/frame619.jpg,,,,,,,1.0,,Head right
620,images/frame620.jpg,,,,,,,1.0,,Head right
621,images/frame621.jpg,,,,,,,1.0,,Head right
622,images/frame622.jpg,,,,,,,1.0,,Head right
623,images/frame623.jpg,,,,,1.0,,,True,Head right
624,images/frame624.jpg,,,,,,,1.0,,Head right
625,images/frame625.jpg,,,,,,,1.0,,Head right
626,images/frame626.jpg,,,,,,,1.0,,Head right
627,images/frame627.jpg,,,,,,,1.0,,Head right
628,images/frame628.jpg,,,,,,,1.0,,Head right
629,images/frame629.jpg,,,,,,,1.0,,Head right
630,images/frame630.jpg,,,,,,,1.0,,Head right
631,images/frame631.jpg,,,,,,,1.0,,Head right
632,images/frame632.jpg,,,,,1.0,,,,Head right
633,images/frame633.jpg,,,,,,,1.0,,Head right
634,images/frame634.jpg,,,,,,,1.0,,Head right
635,images/frame635.jpg,,,,,,,1.0,,Head right
636,images/frame636.jpg,,,,,1.0,,,,Head right
637,images/frame637.jpg,,,,,1.0,,,,Head right
638,images/frame638.jpg,,,,,1.0,,,,Head right
639,images/frame639.jpg,,,,,,,1.0,,Head right
640,images/frame640.jpg,,,,,1.0,,,,Head right
641,images/frame641.jpg,,,,,1.0,,,,Head right
642,images/frame642.jpg,,,,,1.0,,,,Head right
643,images/frame643.jpg,,,,,1.0,,,,Head right
644,images/frame644.jpg,,,,,1.0,,,,Head right
645,images/frame645.jpg,,,,,,,1.0,,Head right
646,images/frame646.jpg,,,,,1.0,,,,Head right
647,images/frame647.jpg,,,,,1.0,,,,Head right
648,images/frame648.jpg,,,,,1.0,,,,Head right
649,images/frame649.jpg,,,,,1.0,,,,Head right
650,images/frame650.jpg,,,,,,,1.0,,Head right
651,images/frame651.jpg,,,,,,,1.0,,Head right
652,images/frame652.jpg,,,,,,,1.0,,Head right
653,images/frame653.jpg,,,,,,,1.0,,Head right
654,images/frame654.jpg,,,,,,,1.0,,Head right
655,images/frame655.jpg,,,,,,,1.0,,Head right
656,images/frame656.jpg,1.0,,,,,,,,Head right
657,images/frame657.jpg,1.0,,,,,,,,Head right
658,images/frame658.jpg,1.0,,,,,,,,
659,images/frame659.jpg,1.0,,,,,,,,
660,images/frame660.jpg,1.0,,,,,,,,
661,images/frame661.jpg,1.0,,,,,,,,
662,images/frame662.jpg,1.0,,,,,,,,
663,images/frame663.jpg,1.0,,,,,,,,
664,images/frame664.jpg,1.0,,,,,,,,
665,images/frame665.jpg,1.0,,,,,,,,
666,images/frame666.jpg,1.0,,,,,,,,
667,images/frame667.jpg,1.0,,,,,,,,
668,images/frame668.jpg,1.0,,,,,,,,
669,images/frame669.jpg,1.0,,,,,,,,
670,images/frame670.jpg,1.0,,,,,,,,
671,images/frame671.jpg,1.0,,,,,,,,
672,images/frame672.jpg,1.0,,,,,,,,
673,images/frame673.jpg,1.0,,,,,,,,
674,images/frame674.jpg,1.0,,,,,,,,
675,images/frame675.jpg,1.0,,,,,,,,
676,images/frame676.jpg,1.0,,,,,,,True,
677,images/frame677.jpg,1.0,,,,,,,,
678,images/frame678.jpg,1.0,,,,,,,,
679,images/frame679.jpg,1.0,,,,,,,,
680,images/frame680.jpg,1.0,,,,,,,,
681,images/frame681.jpg,1.0,,,,,,,,
682,images/frame682.jpg,1.0,,,,,,,,
683,images/frame683.jpg,1.0,,,,,,,,
684,images/frame684.jpg,1.0,,,,,,,,
685,images/frame685.jpg,1.0,,,,,,,,
686,images/frame686.jpg,1.0,,,,,,,,
687,images/frame687.jpg,1.0,,,,,,,,
688,images/frame688.jpg,1.0,,,,,,,,
689,images/frame689.jpg,1.0,,,,,,,,Head right
690,images/frame690.jpg,1.0,,,,,,,,Head right
691,images/frame691.jpg,1.0,,,,,,,,
692,images/frame692.jpg,1.0,,,,,,,,Head right
693,images/frame693.jpg,1.0,,,,,,,,
694,images/frame694.jpg,1.0,,,,,,,,
695,images/frame695.jpg,1.0,,,,,,,,
696,images/frame696.jpg,1.0,,,,,,,,
697,images/frame697.jpg,1.0,,,,,,,,
698,images/frame698.jpg,1.0,,,,,,,,
699,images/frame699.jpg,1.0,,,,,,,,
700,images/frame700.jpg,1.0,,,,,,,,
701,images/frame701.jpg,1.0,,,,,,,,
702,images/frame702.jpg,1.0,,,,,,,,
703,images/frame703.jpg,1.0,,,,,,,,
704,images/frame704.jpg,1.0,,,,,,,,
705,images/frame705.jpg,1.0,,,,,,,,
706,images/frame706.jpg,1.0,,,,,,,,
707,images/frame707.jpg,1.0,,,,,,,,
708,images/frame708.jpg,1.0,,,,,,,,
709,images/frame709.jpg,1.0,,,,,,,,
710,images/frame710.jpg,1.0,,,,,,,,
711,images/frame711.jpg,1.0,,,,,,,,
712,images/frame712.jpg,1.0,,,,,,,,
713,images/frame713.jpg,1.0,,,,,,,,
714,images/frame714.jpg,1.0,,,,,,,,
715,images/frame715.jpg,1.0,,,,,,,,
716,images/frame716.jpg,1.0,,,,,,,,
717,images/frame717.jpg,1.0,,,,,,,,Head right
718,images/frame718.jpg,1.0,,,,,,,,Head right
719,images/frame719.jpg,1.0,,,,,,,,Head right
720,images/frame720.jpg,1.0,,,,,,,,Head right
721,images/frame721.jpg,1.0,,,,,,,,Head right
722,images/frame722.jpg,1.0,,,,,,,,Head right
723,images/frame723.jpg,1.0,,,,,,,,Head right
724,images/frame724.jpg,1.0,,,,,,,,
725,images/frame725.jpg,1.0,,,,,,,,
726,images/frame726.jpg,1.0,,,,,,,,
727,images/frame727.jpg,1.0,,,,,,,,
728,images/frame728.jpg,1.0,,,,,,,,
729,images/frame729.jpg,1.0,,,,,,,,
730,images/frame730.jpg,1.0,,,,,,,,
731,images/frame731.jpg,1.0,,,,,,,,
732,images/frame732.jpg,1.0,,,,,,,,
733,images/frame733.jpg,1.0,,,,,,,,
734,images/frame734.jpg,1.0,,,,,,,,
735,images/frame735.jpg,1.0,,,,,,,,
736,images/frame736.jpg,1.0,,,,,,,,
737,images/frame737.jpg,1.0,,,,,,,,
738,images/frame738.jpg,1.0,,,,,,,,
739,images/frame739.jpg,1.0,,,,,,,,
740,images/frame740.jpg,1.0,,,,,,,,
741,images/frame741.jpg,1.0,,,,,,,,
742,images/frame742.jpg,1.0,,,,,,,,
743,images/frame743.jpg,1.0,,,,,,,,
744,images/frame744.jpg,1.0,,,,,,,,
745,images/frame745.jpg,1.0,,,,,,,,Head down
746,images/frame746.jpg,1.0,,,,,,,,
747,images/frame747.jpg,1.0,,,,,,,,
748,images/frame748.jpg,1.0,,,,,,,,
749,images/frame749.jpg,,,,,,,1.0,,
750,images/frame750.jpg,,,,,,,1.0,,
751,images/frame751.jpg,1.0,,,,,,,,
752,images/frame752.jpg,1.0,,,,,,,,
753,images/frame753.jpg,1.0,,,,,,,,
754,images/frame754.jpg,1.0,,,,,,,,
755,images/frame755.jpg,1.0,,,,,,,,
756,images/frame756.jpg,1.0,,,,,,,,Head right
757,images/frame757.jpg,1.0,,,,,,,,Head right
758,images/frame758.jpg,,,,,,,1.0,,Head right
759,images/frame759.jpg,,,,,,,1.0,,Head right
760,images/frame760.jpg,,,,,,,1.0,Error,Head right
761,images/frame761.jpg,,,,,,,1.0,Error,Head right
762,images/frame762.jpg,,,,,,,1.0,,Head right
763,images/frame763.jpg,,,,,,,1.0,,Head right
764,images/frame764.jpg,,,,,,,1.0,,Head right
765,images/frame765.jpg,,,,,,,1.0,,Head right
766,images/frame766.jpg,,,,,,,1.0,,Head right
767,images/frame767.jpg,,,,,,,1.0,,Head right
768,images/frame768.jpg,,,,,,,1.0,,Head right
769,images/frame769.jpg,,,,,,,1.0,,Head right
770,images/frame770.jpg,,,,,,,1.0,,Head right
771,images/frame771.jpg,,,,,,,1.0,,Head right
772,images/frame772.jpg,,,,,,,1.0,,Head right
773,images/frame773.jpg,,,,,,,1.0,,Head right
774,images/frame774.jpg,,,,,,,1.0,,Head right
775,images/frame775.jpg,,,,,,,1.0,,Head right
776,images/frame776.jpg,,,,,,,1.0,,Head right
777,images/frame777.jpg,,,,,,,1.0,,Head right
778,images/frame778.jpg,,,,,,,1.0,,Head right
779,images/frame779.jpg,,,,,,,1.0,,Head right
780,images/frame780.jpg,,,,,,,1.0,,Head right
781,images/frame781.jpg,,,,,,,1.0,,Head right
782,images/frame782.jpg,,,,,,,1.0,,Head right
783,images/frame783.jpg,,,,,,,1.0,,Head right
784,images/frame784.jpg,,,,,,,1.0,,Head right
785,images/frame785.jpg,,,,,,,1.0,,Head right
786,images/frame786.jpg,,,,,,,1.0,,Head right
787,images/frame787.jpg,,,,,,,1.0,,Head right
788,images/frame788.jpg,,,,,,,1.0,,Head right
789,images/frame789.jpg,,,,,,,1.0,,Head right
790,images/frame790.jpg,,,,,,,1.0,,Head right
791,images/frame791.jpg,,,,,,,1.0,,Head right
792,images/frame792.jpg,,,,,,,1.0,,Head right
793,images/frame793.jpg,1.0,,,,,,,,
794,images/frame794.jpg,1.0,,,,,,,,
795,images/frame795.jpg,1.0,,,,,,,,
796,images/frame796.jpg,1.0,,,,,,,,
797,images/frame797.jpg,1.0,,,,,,,,
798,images/frame798.jpg,1.0,,,,,,,,
799,images/frame799.jpg,1.0,,,,,,,,
800,images/frame800.jpg,1.0,,,,,,,,
801,images/frame801.jpg,1.0,,,,,,,,
802,images/frame802.jpg,1.0,,,,,,,,
803,images/frame803.jpg,1.0,,,,,,,,
804,images/frame804.jpg,1.0,,,,,,,,
805,images/frame805.jpg,1.0,,,,,,,,
806,images/frame806.jpg,1.0,,,,,,,,
807,images/frame807.jpg,1.0,,,,,,,True,
808,images/frame808.jpg,1.0,,,,,,,,
809,images/frame809.jpg,1.0,,,,,,,,
810,images/frame810.jpg,1.0,,,,,,,,
811,images/frame811.jpg,1.0,,,,,,,,
812,images/frame812.jpg,1.0,,,,,,,,
813,images/frame813.jpg,1.0,,,,,,,,
814,images/frame814.jpg,1.0,,,,,,,,
815,images/frame815.jpg,1.0,,,,,,,,
816,images/frame816.jpg,1.0,,,,,,,,
817,images/frame817.jpg,1.0,,,,,,,,
818,images/frame818.jpg,1.0,,,,,,,,
819,images/frame819.jpg,1.0,,,,,,,,
820,images/frame820.jpg,1.0,,,,,,,,
821,images/frame821.jpg,1.0,,,,,,,,
822,images/frame822.jpg,1.0,,,,,,,,
823,images/frame823.jpg,1.0,,,,,,,,
824,images/frame824.jpg,1.0,,,,,,,,
825,images/frame825.jpg,1.0,,,,,,,,
826,images/frame826.jpg,1.0,,,,,,,,
827,images/frame827.jpg,1.0,,,,,,,,
828,images/frame828.jpg,1.0,,,,,,,,
829,images/frame829.jpg,1.0,,,,,,,,
830,images/frame830.jpg,1.0,,,,,,,,
831,images/frame831.jpg,1.0,,,,,,,,
832,images/frame832.jpg,1.0,,,,,,,,
833,images/frame833.jpg,1.0,,,,,,,,
834,images/frame834.jpg,1.0,,,,,,,,
835,images/frame835.jpg,1.0,,,,,,,,
836,images/frame836.jpg,1.0,,,,,,,,
837,images/frame837.jpg,1.0,,,,,,,,
838,images/frame838.jpg,1.0,,,,,,,,
839,images/frame839.jpg,1.0,,,,,,,,
840,images/frame840.jpg,1.0,,,,,,,,
841,images/frame841.jpg,1.0,,,,,,,,
842,images/frame842.jpg,1.0,,,,,,,,
843,images/frame843.jpg,1.0,,,,,,,,
844,images/frame844.jpg,1.0,,,,,,,,
845,images/frame845.jpg,,,,1.0,,,,,
846,images/frame846.jpg,,,,1.0,,,,,
847,images/frame847.jpg,,,,1.0,,,,,
848,images/frame848.jpg,,,,1.0,,,,,
849,images/frame849.jpg,,,,1.0,,,,,
850,images/frame850.jpg,,,,1.0,,,,,
851,images/frame851.jpg,,,,1.0,,,,,
852,images/frame852.jpg,,,,1.0,,,,,
853,images/frame853.jpg,,,,1.0,,,,,
854,images/frame854.jpg,,,,1.0,,,,,
855,images/frame855.jpg,,,,1.0,,,,,
856,images/frame856.jpg,,,,1.0,,,,,
857,images/frame857.jpg,,,,1.0,,,,,
858,images/frame858.jpg,,,,1.0,,,,,
859,images/frame859.jpg,,,,1.0,,,,,
860,images/frame860.jpg,,,,1.0,,,,,
861,images/frame861.jpg,,,,1.0,,,,,
862,images/frame862.jpg,,,,1.0,,,,,
863,images/frame863.jpg,,,,1.0,,,,,
864,images/frame864.jpg,,,,1.0,,,,,
865,images/frame865.jpg,,,,1.0,,,,,
866,images/frame866.jpg,,,,1.0,,,,,
867,images/frame867.jpg,,,,1.0,,,,,
868,images/frame868.jpg,,,,1.0,,,,,
869,images/frame869.jpg,,,,1.0,,,,,
870,images/frame870.jpg,,,,1.0,,,,,
871,images/frame871.jpg,,,,1.0,,,,,
872,images/frame872.jpg,,,,1.0,,,,,
873,images/frame873.jpg,,,,1.0,,,,,
874,images/frame874.jpg,,,,1.0,,,,,
875,images/frame875.jpg,,,,1.0,,,,,
876,images/frame876.jpg,,,,1.0,,,,,
877,images/frame877.jpg,,,,1.0,,,,,
878,images/frame878.jpg,,,,1.0,,,,,
879,images/frame879.jpg,,,,1.0,,,,,
880,images/frame880.jpg,,,,1.0,,,,,
881,images/frame881.jpg,,,,1.0,,,,,
882,images/frame882.jpg,,,,1.0,,,,,
883,images/frame883.jpg,,,,1.0,,,,,
884,images/frame884.jpg,,,,1.0,,,,,
885,images/frame885.jpg,,,,1.0,,,,,
886,images/frame886.jpg,,,,1.0,,,,,
887,images/frame887.jpg,,,,1.0,,,,,
888,images/frame888.jpg,,,,1.0,,,,,
889,images/frame889.jpg,,,,1.0,,,,,
890,images/frame890.jpg,,,,1.0,,,,,
891,images/frame891.jpg,,,,1.0,,,,,
892,images/frame892.jpg,,,,1.0,,,,,
893,images/frame893.jpg,,,,1.0,,,,,
894,images/frame894.jpg,,,,1.0,,,,,
895,images/frame895.jpg,,,,1.0,,,,,
896,images/frame896.jpg,,,,1.0,,,,,
897,images/frame897.jpg,1.0,,,,,,,,
898,images/frame898.jpg,1.0,,,,,,,,
899,images/frame899.jpg,1.0,,,,,,,,
900,images/frame900.jpg,1.0,,,,,,,,
901,images/frame901.jpg,1.0,,,,,,,,
902,images/frame902.jpg,1.0,,,,,,,,
903,images/frame903.jpg,1.0,,,,,,,,
904,images/frame904.jpg,1.0,,,,,,,,
905,images/frame905.jpg,1.0,,,,,,,,
906,images/frame906.jpg,1.0,,,,,,,,
907,images/frame907.jpg,1.0,,,,,,,,
908,images/frame908.jpg,1.0,,,,,,,,
909,images/frame909.jpg,1.0,,,,,,,,
910,images/frame910.jpg,1.0,,,,,,,,
911,images/frame911.jpg,1.0,,,,,,,,
912,images/frame912.jpg,1.0,,,,,,,,
913,images/frame913.jpg,1.0,,,,,,,,
914,images/frame914.jpg,1.0,,,,,,,,
915,images/frame915.jpg,1.0,,,,,,,,
916,images/frame916.jpg,1.0,,,,,,,,
917,images/frame917.jpg,1.0,,,,,,,,
918,images/frame918.jpg,1.0,,,,,,,,
919,images/frame919.jpg,1.0,,,,,,,,
920,images/frame920.jpg,1.0,,,,,,,,
921,images/frame921.jpg,1.0,,,,,,,,
922,images/frame922.jpg,1.0,,,,,,,,
923,images/frame923.jpg,1.0,,,,,,,,
924,images/frame924.jpg,1.0,,,,,,,,
925,images/frame925.jpg,1.0,,,,,,,,
926,images/frame926.jpg,1.0,,,,,,,,
927,images/frame927.jpg,,,,1.0,,,,,
928,images/frame928.jpg,,,,1.0,,,,,
929,images/frame929.jpg,,,,1.0,,,,,
930,images/frame930.jpg,,,,1.0,,,,,
931,images/frame931.jpg,,,,1.0,,,,,
932,images/frame932.jpg,,,,1.0,,,,,
933,images/frame933.jpg,,,,1.0,,,,,
934,images/frame934.jpg,,,,1.0,,,,,
935,images/frame935.jpg,,,,1.0,,,,,
936,images/frame936.jpg,,,,1.0,,,,,
937,images/frame937.jpg,,,,1.0,,,,,Head up
938,images/frame938.jpg,,,,1.0,,,,,
939,images/frame939.jpg,,,,1.0,,,,,
940,images/frame940.jpg,,,,1.0,,,,,
941,images/frame941.jpg,,,,1.0,,,,,
942,images/frame942.jpg,,,,1.0,,,,,
943,images/frame943.jpg,,,,1.0,,,,,
944,images/frame944.jpg,,,,1.0,,,,,
945,images/frame945.jpg,,,,1.0,,,,,
946,images/frame946.jpg,,,,1.0,,,,,
947,images/frame947.jpg,,,,1.0,,,,,
948,images/frame948.jpg,,,,1.0,,,,,
949,images/frame949.jpg,,,,1.0,,,,,
950,images/frame950.jpg,,,,1.0,,,,,
951,images/frame951.jpg,,,,1.0,,,,,
952,images/frame952.jpg,,,,1.0,,,,,
953,images/frame953.jpg,,,,1.0,,,,,
954,images/frame954.jpg,,,,1.0,,,,,
955,images/frame955.jpg,,,,1.0,,,,,
956,images/frame956.jpg,,,,1.0,,,,,
957,images/frame957.jpg,,,,1.0,,,,,
958,images/frame958.jpg,,,,1.0,,,,,
959,images/frame959.jpg,,,,1.0,,,,,
960,images/frame960.jpg,,,,1.0,,,,,
961,images/frame961.jpg,,,,1.0,,,,,
962,images/frame962.jpg,,,,1.0,,,,,
963,images/frame963.jpg,,,,1.0,,,,,
964,images/frame964.jpg,,,,1.0,,,,,
965,images/frame965.jpg,,,,1.0,,,,,
966,images/frame966.jpg,,,,1.0,,,,,
967,images/frame967.jpg,,,,1.0,,,,,
968,images/frame968.jpg,,,,1.0,,,,,
969,images/frame969.jpg,,,,1.0,,,,,
970,images/frame970.jpg,,,,1.0,,,,,
971,images/frame971.jpg,,,,1.0,,,,,
972,images/frame972.jpg,1.0,,,,,,,,
973,images/frame973.jpg,1.0,,,,,,,,
974,images/frame974.jpg,1.0,,,,,,,,
975,images/frame975.jpg,,,,1.0,,,,,
976,images/frame976.jpg,1.0,,,,,,,,
977,images/frame977.jpg,1.0,,,,,,,,
978,images/frame978.jpg,1.0,,,,,,,,
979,images/frame979.jpg,1.0,,,,,,,,
980,images/frame980.jpg,1.0,,,,,,,,
981,images/frame981.jpg,1.0,,,,,,,,
982,images/frame982.jpg,1.0,,,,,,,,
983,images/frame983.jpg,1.0,,,,,,,,
984,images/frame984.jpg,1.0,,,,,,,,
985,images/frame985.jpg,1.0,,,,,,,,
986,images/frame986.jpg,1.0,,,,,,,,
987,images/frame987.jpg,1.0,,,,,,,,
988,images/frame988.jpg,1.0,,,,,,,,
989,images/frame989.jpg,1.0,,,,,,,,
990,images/frame990.jpg,1.0,,,,,,,,
991,images/frame991.jpg,1.0,,,,,,,,
992,images/frame992.jpg,1.0,,,,,,,,
993,images/frame993.jpg,1.0,,,,,,,,
994,images/frame994.jpg,1.0,,,,,,,,
995,images/frame995.jpg,1.0,,,,,,,,
996,images/frame996.jpg,1.0,,,,,,,,
997,images/frame997.jpg,1.0,,,,,,,,
998,images/frame998.jpg,1.0,,,,,,,True,
999,images/frame999.jpg,1.0,,,,,,,,
1000,images/frame1000.jpg,1.0,,,,,,,,
1001,images/frame1001.jpg,1.0,,,,,,,,
1002,images/frame1002.jpg,1.0,,,,,,,,
1003,images/frame1003.jpg,1.0,,,,,,,,
1004,images/frame1004.jpg,1.0,,,,,,,,
1005,images/frame1005.jpg,1.0,,,,,,,,
1006,images/frame1006.jpg,1.0,,,,,,,,
1007,images/frame1007.jpg,1.0,,,,,,,,
1008,images/frame1008.jpg,1.0,,,,,,,,
1009,images/frame1009.jpg,1.0,,,,,,,,
1010,images/frame1010.jpg,1.0,,,,,,,,
1011,images/frame1011.jpg,1.0,,,,,,,,
1012,images/frame1012.jpg,1.0,,,,,,,,
1013,images/frame1013.jpg,1.0,,,,,,,,
1014,images/frame1014.jpg,1.0,,,,,,,True,
1015,images/frame1015.jpg,1.0,,,,,,,,
1016,images/frame1016.jpg,1.0,,,,,,,,
1017,images/frame1017.jpg,1.0,,,,,,,True,
1018,images/frame1018.jpg,1.0,,,,,,,,
1019,images/frame1019.jpg,1.0,,,,,,,,
1020,images/frame1020.jpg,1.0,,,,,,,,
1021,images/frame1021.jpg,1.0,,,,,,,,
1022,images/frame1022.jpg,1.0,,,,,,,,
1023,images/frame1023.jpg,1.0,,,,,,,,
1024,images/frame1024.jpg,,,,1.0,,,,,
1025,images/frame1025.jpg,,,,1.0,,,,,
1026,images/frame1026.jpg,,,,1.0,,,,,
1027,images/frame1027.jpg,,,,1.0,,,,,
1028,images/frame1028.jpg,,,,1.0,,,,,
1029,images/frame1029.jpg,,,,1.0,,,,,
1030,images/frame1030.jpg,,,,1.0,,,,,
1031,images/frame1031.jpg,,,,1.0,,,,,
1032,images/frame1032.jpg,,,,1.0,,,,,
1033,images/frame1033.jpg,1.0,,,,,,,,
1034,images/frame1034.jpg,,,,1.0,,,,,
1035,images/frame1035.jpg,,,,1.0,,,,,
1036,images/frame1036.jpg,,,,1.0,,,,,
1037,images/frame1037.jpg,,,,1.0,,,,,
1038,images/frame1038.jpg,,,,1.0,,,,,
1039,images/frame1039.jpg,1.0,,,,,,,,
1040,images/frame1040.jpg,1.0,,,,,,,,
1041,images/frame1041.jpg,1.0,,,,,,,,
1042,images/frame1042.jpg,1.0,,,,,,,,
1043,images/frame1043.jpg,,,,1.0,,,,,
1044,images/frame1044.jpg,,,,1.0,,,,,
1045,images/frame1045.jpg,,,,1.0,,,,,
1046,images/frame1046.jpg,,,,1.0,,,,,
1047,images/frame1047.jpg,,,,1.0,,,,,
1048,images/frame1048.jpg,1.0,,,,,,,,
1049,images/frame1049.jpg,1.0,,,,,,,,
1050,images/frame1050.jpg,1.0,,,,,,,,
1051,images/frame1051.jpg,1.0,,,,,,,,
1052,images/frame1052.jpg,1.0,,,,,,,,
1053,images/frame1053.jpg,1.0,,,,,,,,
1054,images/frame1054.jpg,1.0,,,,,,,,
1055,images/frame1055.jpg,1.0,,,,,,,,
1056,images/frame1056.jpg,1.0,,,,,,,,
1057,images/frame1057.jpg,1.0,,,,,,,True,
1058,images/frame1058.jpg,1.0,,,,,,,,
1059,images/frame1059.jpg,1.0,,,,,,,,
1060,images/frame1060.jpg,1.0,,,,,,,,
1061,images/frame1061.jpg,1.0,,,,,,,,
1062,images/frame1062.jpg,1.0,,,,,,,,
1063,images/frame1063.jpg,1.0,,,,,,,,
1064,images/frame1064.jpg,1.0,,,,,,,True,
1065,images/frame1065.jpg,1.0,,,,,,,,
1066,images/frame1066.jpg,1.0,,,,,,,,
1067,images/frame1067.jpg,1.0,,,,,,,,
1068,images/frame1068.jpg,1.0,,,,,,,,
1069,images/frame1069.jpg,1.0,,,,,,,,
1070,images/frame1070.jpg,1.0,,,,,,,,
1071,images/frame1071.jpg,1.0,,,,,,,,
1072,images/frame1072.jpg,1.0,,,,,,,,
1073,images/frame1073.jpg,1.0,,,,,,,,
1074,images/frame1074.jpg,1.0,,,,,,,,
1075,images/frame1075.jpg,1.0,,,,,,,,
1076,images/frame1076.jpg,1.0,,,,,,,,
1077,images/frame1077.jpg,1.0,,,,,,,,
1078,images/frame1078.jpg,1.0,,,,,,,,
1079,images/frame1079.jpg,1.0,,,,,,,,
1080,images/frame1080.jpg,1.0,,,,,,,,
1081,images/frame1081.jpg,1.0,,,,,,,,
1082,images/frame1082.jpg,1.0,,,,,,,,
1083,images/frame1083.jpg,1.0,,,,,,,,
1084,images/frame1084.jpg,1.0,,,,,,,,
1085,images/frame1085.jpg,1.0,,,,,,,,
1086,images/frame1086.jpg,1.0,,,,,,,,
1087,images/frame1087.jpg,1.0,,,,,,,,
1088,images/frame1088.jpg,1.0,,,,,,,True,
1089,images/frame1089.jpg,1.0,,,,,,,,
1090,images/frame1090.jpg,1.0,,,,,,,,
1091,images/frame1091.jpg,1.0,,,,,,,,
1092,images/frame1092.jpg,1.0,,,,,,,,
1093,images/frame1093.jpg,1.0,,,,,,,,
1094,images/frame1094.jpg,1.0,,,,,,,,
1095,images/frame1095.jpg,1.0,,,,,,,,
1096,images/frame1096.jpg,1.0,,,,,,,,
1097,images/frame1097.jpg,1.0,,,,,,,,
1098,images/frame1098.jpg,1.0,,,,,,,,
1099,images/frame1099.jpg,1.0,,,,,,,,
1100,images/frame1100.jpg,1.0,,,,,,,,
1101,images/frame1101.jpg,1.0,,,,,,,,
1102,images/frame1102.jpg,1.0,,,,,,,,
1103,images/frame1103.jpg,1.0,,,,,,,,
1104,images/frame1104.jpg,1.0,,,,,,,,
1105,images/frame1105.jpg,1.0,,,,,,,,
1106,images/frame1106.jpg,1.0,,,,,,,,
1107,images/frame1107.jpg,1.0,,,,,,,,
1108,images/frame1108.jpg,1.0,,,,,,,,
1109,images/frame1109.jpg,1.0,,,,,,,True,
1110,images/frame1110.jpg,1.0,,,,,,,,
1111,images/frame1111.jpg,1.0,,,,,,,,
1112,images/frame1112.jpg,1.0,,,,,,,,
1113,images/frame1113.jpg,1.0,,,,,,,True,
1114,images/frame1114.jpg,1.0,,,,,,,,
1115,images/frame1115.jpg,1.0,,,,,,,,
1116,images/frame1116.jpg,1.0,,,,,,,,
1117,images/frame1117.jpg,1.0,,,,,,,,
1118,images/frame1118.jpg,1.0,,,,,,,,
1119,images/frame1119.jpg,1.0,,,,,,,,
1120,images/frame1120.jpg,1.0,,,,,,,,
1121,images/frame1121.jpg,1.0,,,,,,,,
1122,images/frame1122.jpg,1.0,,,,,,,,
1123,images/frame1123.jpg,1.0,,,,,,,,
1124,images/frame1124.jpg,1.0,,,,,,,,
1125,images/frame1125.jpg,1.0,,,,,,,,
1126,images/frame1126.jpg,1.0,,,,,,,,
1127,images/frame1127.jpg,1.0,,,,,,,,
1128,images/frame1128.jpg,1.0,,,,,,,,
1129,images/frame1129.jpg,1.0,,,,,,,,
1130,images/frame1130.jpg,1.0,,,,,,,,
1131,images/frame1131.jpg,1.0,,,,,,,,
1132,images/frame1132.jpg,1.0,,,,,,,,
1133,images/frame1133.jpg,1.0,,,,,,,,
1134,images/frame1134.jpg,1.0,,,,,,,,
1135,images/frame1135.jpg,1.0,,,,,,,,
1136,images/frame1136.jpg,1.0,,,,,,,,
1137,images/frame1137.jpg,1.0,,,,,,,,
1138,images/frame1138.jpg,1.0,,,,,,,,
1139,images/frame1139.jpg,1.0,,,,,,,,
1140,images/frame1140.jpg,1.0,,,,,,,,
1141,images/frame1141.jpg,1.0,,,,,,,,
1142,images/frame1142.jpg,1.0,,,,,,,,
1143,images/frame1143.jpg,1.0,,,,,,,,
1144,images/frame1144.jpg,1.0,,,,,,,,
1145,images/frame1145.jpg,1.0,,,,,,,,
1146,images/frame1146.jpg,1.0,,,,,,,,
1147,images/frame1147.jpg,1.0,,,,,,,,
1148,images/frame1148.jpg,1.0,,,,,,,,
1149,images/frame1149.jpg,1.0,,,,,,,,
1150,images/frame1150.jpg,1.0,,,,,,,,
1151,images/frame1151.jpg,1.0,,,,,,,,
1152,images/frame1152.jpg,1.0,,,,,,,,
1153,images/frame1153.jpg,1.0,,,,,,,,
1154,images/frame1154.jpg,1.0,,,,,,,,
1155,images/frame1155.jpg,1.0,,,,,,,,
1156,images/frame1156.jpg,1.0,,,,,,,,
1157,images/frame1157.jpg,1.0,,,,,,,,
1158,images/frame1158.jpg,1.0,,,,,,,,
1159,images/frame1159.jpg,1.0,,,,,,,,
1160,images/frame1160.jpg,1.0,,,,,,,True,
1161,images/frame1161.jpg,1.0,,,,,,,,
1162,images/frame1162.jpg,1.0,,,,,,,,
1163,images/frame1163.jpg,1.0,,,,,,,,
1164,images/frame1164.jpg,1.0,,,,,,,,
1165,images/frame1165.jpg,1.0,,,,,,,,
1166,images/frame1166.jpg,1.0,,,,,,,,
1167,images/frame1167.jpg,1.0,,,,,,,,
1168,images/frame1168.jpg,1.0,,,,,,,,
1169,images/frame1169.jpg,1.0,,,,,,,,
1170,images/frame1170.jpg,1.0,,,,,,,,
1171,images/frame1171.jpg,1.0,,,,,,,,
1172,images/frame1172.jpg,1.0,,,,,,,,
1173,images/frame1173.jpg,1.0,,,,,,,,
1174,images/frame1174.jpg,1.0,,,,,,,,
1175,images/frame1175.jpg,1.0,,,,,,,,
1176,images/frame1176.jpg,1.0,,,,,,,,
1177,images/frame1177.jpg,1.0,,,,,,,True,
1178,images/frame1178.jpg,1.0,,,,,,,,
1179,images/frame1179.jpg,1.0,,,,,,,,
1180,images/frame1180.jpg,1.0,,,,,,,,
1181,images/frame1181.jpg,1.0,,,,,,,,
1182,images/frame1182.jpg,1.0,,,,,,,,
1183,images/frame1183.jpg,1.0,,,,,,,,
1184,images/frame1184.jpg,1.0,,,,,,,,
1185,images/frame1185.jpg,1.0,,,,,,,,
1186,images/frame1186.jpg,1.0,,,,,,,,
1187,images/frame1187.jpg,1.0,,,,,,,,
1188,images/frame1188.jpg,1.0,,,,,,,,
1189,images/frame1189.jpg,1.0,,,,,,,,
1190,images/frame1190.jpg,1.0,,,,,,,,
1191,images/frame1191.jpg,1.0,,,,,,,,
1192,images/frame1192.jpg,1.0,,,,,,,,
1193,images/frame1193.jpg,1.0,,,,,,,,
1194,images/frame1194.jpg,1.0,,,,,,,,
1195,images/frame1195.jpg,1.0,,,,,,,,
1196,images/frame1196.jpg,1.0,,,,,,,,
1197,images/frame1197.jpg,1.0,,,,,,,,
1198,images/frame1198.jpg,1.0,,,,,,,,
1199,images/frame1199.jpg,1.0,,,,,,,,
1200,images/frame1200.jpg,1.0,,,,,,,,
1201,images/frame1201.jpg,1.0,,,,,,,,
1202,images/frame1202.jpg,1.0,,,,,,,,
1203,images/frame1203.jpg,1.0,,,,,,,,
1204,images/frame1204.jpg,1.0,,,,,,,,
1205,images/frame1205.jpg,1.0,,,,,,,,
1206,images/frame1206.jpg,1.0,,,,,,,,
1207,images/frame1207.jpg,1.0,,,,,,,,
1208,images/frame1208.jpg,1.0,,,,,,,,
1209,images/frame1209.jpg,1.0,,,,,,,,
1210,images/frame1210.jpg,1.0,,,,,,,,
1211,images/frame1211.jpg,1.0,,,,,,,,
1212,images/frame1212.jpg,1.0,,,,,,,,
1213,images/frame1213.jpg,1.0,,,,,,,,
1214,images/frame1214.jpg,1.0,,,,,,,,
1215,images/frame1215.jpg,1.0,,,,,,,,
1216,images/frame1216.jpg,1.0,,,,,,,,
1217,images/frame1217.jpg,1.0,,,,,,,,
1218,images/frame1218.jpg,1.0,,,,,,,,
1219,images/frame1219.jpg,1.0,,,,,,,,
1220,images/frame1220.jpg,1.0,,,,,,,,
1221,images/frame1221.jpg,1.0,,,,,,,,
1222,images/frame1222.jpg,1.0,,,,,,,,
1223,images/frame1223.jpg,1.0,,,,,,,,
1224,images/frame1224.jpg,1.0,,,,,,,,
1225,images/frame1225.jpg,1.0,,,,,,,,
1226,images/frame1226.jpg,1.0,,,,,,,,
1227,images/frame1227.jpg,1.0,,,,,,,,
1228,images/frame1228.jpg,1.0,,,,,,,,
1229,images/frame1229.jpg,1.0,,,,,,,,
1230,images/frame1230.jpg,1.0,,,,,,,,
1231,images/frame1231.jpg,1.0,,,,,,,,
1232,images/frame1232.jpg,1.0,,,,,,,,
1233,images/frame1233.jpg,1.0,,,,,,,,
1234,images/frame1234.jpg,1.0,,,,,,,,
1235,images/frame1235.jpg,1.0,,,,,,,,
1236,images/frame1236.jpg,1.0,,,,,,,,
1237,images/frame1237.jpg,1.0,,,,,,,,
1238,images/frame1238.jpg,1.0,,,,,,,,
1239,images/frame1239.jpg,1.0,,,,,,,,
1240,images/frame1240.jpg,1.0,,,,,,,,
1241,images/frame1241.jpg,1.0,,,,,,,,
1242,images/frame1242.jpg,1.0,,,,,,,,
1243,images/frame1243.jpg,1.0,,,,,,,,
1244,images/frame1244.jpg,1.0,,,,,,,,
1245,images/frame1245.jpg,1.0,,,,,,,,
1246,images/frame1246.jpg,1.0,,,,,,,,
1247,images/frame1247.jpg,1.0,,,,,,,,
1248,images/frame1248.jpg,1.0,,,,,,,,
1249,images/frame1249.jpg,1.0,,,,,,,,
1250,images/frame1250.jpg,1.0,,,,,,,,
1251,images/frame1251.jpg,1.0,,,,,,,,
1252,images/frame1252.jpg,1.0,,,,,,,,
1253,images/frame1253.jpg,1.0,,,,,,,,
1254,images/frame1254.jpg,1.0,,,,,,,,
1255,images/frame1255.jpg,1.0,,,,,,,,
1256,images/frame1256.jpg,1.0,,,,,,,,
1257,images/frame1257.jpg,1.0,,,,,,,,
1258,images/frame1258.jpg,1.0,,,,,,,,
1259,images/frame1259.jpg,1.0,,,,,,,,
1260,images/frame1260.jpg,1.0,,,,,,,,
1261,images/frame1261.jpg,1.0,,,,,,,,
1262,images/frame1262.jpg,1.0,,,,,,,,
1263,images/frame1263.jpg,1.0,,,,,,,,
1264,images/frame1264.jpg,1.0,,,,,,,,
1265,images/frame1265.jpg,1.0,,,,,,,,
1266,images/frame1266.jpg,1.0,,,,,,,,
1267,images/frame1267.jpg,1.0,,,,,,,,
1268,images/frame1268.jpg,1.0,,,,,,,,
1269,images/frame1269.jpg,1.0,,,,,,,,
1270,images/frame1270.jpg,1.0,,,,,,,,
1271,images/frame1271.jpg,1.0,,,,,,,,
1272,images/frame1272.jpg,1.0,,,,,,,,
1273,images/frame1273.jpg,1.0,,,,,,,,
1274,images/frame1274.jpg,1.0,,,,,,,,
1275,images/frame1275.jpg,,,1.0,,,,,,
1276,images/frame1276.jpg,,,1.0,,,,,,
1277,images/frame1277.jpg,,,1.0,,,,,,
1278,images/frame1278.jpg,,,1.0,,,,,,
1279,images/frame1279.jpg,,,1.0,,,,,,
1280,images/frame1280.jpg,,,1.0,,,,,,
1281,images/frame1281.jpg,,,1.0,,,,,,
1282,images/frame1282.jpg,,,1.0,,,,,,
1283,images/frame1283.jpg,1.0,,,,,,,,
1284,images/frame1284.jpg,,,1.0,,,,,,
1285,images/frame1285.jpg,,,1.0,,,,,,
1286,images/frame1286.jpg,,,1.0,,,,,,
1287,images/frame1287.jpg,,,1.0,,,,,,
1288,images/frame1288.jpg,,,1.0,,,,,,
1289,images/frame1289.jpg,,,1.0,,,,,,
1290,images/frame1290.jpg,,,1.0,,,,,,
1291,images/frame1291.jpg,,,1.0,,,,,,
1292,images/frame1292.jpg,,,1.0,,,,,,
1293,images/frame1293.jpg,,,1.0,,,,,,
1294,images/frame1294.jpg,,,1.0,,,,,,
1295,images/frame1295.jpg,,,1.0,,,,,,
1296,images/frame1296.jpg,,,1.0,,,,,,
1297,images/frame1297.jpg,,,1.0,,,,,,
1298,images/frame1298.jpg,,,1.0,,,,,,
1299,images/frame1299.jpg,,,1.0,,,,,,
1300,images/frame1300.jpg,,,1.0,,,,,,
1301,images/frame1301.jpg,,,1.0,,,,,,
1302,images/frame1302.jpg,,,1.0,,,,,,
1303,images/frame1303.jpg,,,1.0,,,,,,
1304,images/frame1304.jpg,,,1.0,,,,,,
1305,images/frame1305.jpg,,,1.0,,,,,,
1306,images/frame1306.jpg,,,1.0,,,,,,Head up
1307,images/frame1307.jpg,,,1.0,,,,,,
1308,images/frame1308.jpg,,,1.0,,,,,,
1309,images/frame1309.jpg,,,1.0,,,,,,
1310,images/frame1310.jpg,,,1.0,,,,,,Head up
1311,images/frame1311.jpg,,,1.0,,,,,,
1312,images/frame1312.jpg,,,1.0,,,,,,
1313,images/frame1313.jpg,,,1.0,,,,,,
1314,images/frame1314.jpg,,,1.0,,,,,,
1315,images/frame1315.jpg,,,1.0,,,,,,
1316,images/frame1316.jpg,,,1.0,,,,,,
1317,images/frame1317.jpg,,,1.0,,,,,,
1318,images/frame1318.jpg,,,1.0,,,,,,
1319,images/frame1319.jpg,,,1.0,,,,,,
1320,images/frame1320.jpg,,,1.0,,,,,,
1321,images/frame1321.jpg,,,1.0,,,,,,
1322,images/frame1322.jpg,,,1.0,,,,,,
1323,images/frame1323.jpg,,,1.0,,,,,,
1324,images/frame1324.jpg,,,1.0,,,,,,
1325,images/frame1325.jpg,,,1.0,,,,,,
1326,images/frame1326.jpg,,,1.0,,,,,,
1327,images/frame1327.jpg,,,1.0,,,,,,
1328,images/frame1328.jpg,,,1.0,,,,,,
1329,images/frame1329.jpg,,,1.0,,,,,,
1330,images/frame1330.jpg,,,1.0,,,,,,
1331,images/frame1331.jpg,,,1.0,,,,,,
1332,images/frame1332.jpg,1.0,,,,,,,,
1333,images/frame1333.jpg,1.0,,,,,,,,
1334,images/frame1334.jpg,1.0,,,,,,,True,
1335,images/frame1335.jpg,1.0,,,,,,,,
1336,images/frame1336.jpg,,,1.0,,,,,,
1337,images/frame1337.jpg,,,1.0,,,,,,
1338,images/frame1338.jpg,,,1.0,,,,,,Head up
1339,images/frame1339.jpg,,,1.0,,,,,,
1340,images/frame1340.jpg,,,1.0,,,,,,
1341,images/frame1341.jpg,,,1.0,,,,,,
1342,images/frame1342.jpg,,,1.0,,,,,,
1343,images/frame1343.jpg,,,1.0,,,,,,
1344,images/frame1344.jpg,,,1.0,,,,,,
1345,images/frame1345.jpg,,,1.0,,,,,,
1346,images/frame1346.jpg,,,1.0,,,,,,
1347,images/frame1347.jpg,,,1.0,,,,,,
1348,images/frame1348.jpg,,,1.0,,,,,,
1349,images/frame1349.jpg,,,1.0,,,,,,
1350,images/frame1350.jpg,,,1.0,,,,,,
1351,images/frame1351.jpg,,,1.0,,,,,,
1352,images/frame1352.jpg,,,1.0,,,,,,Head down
1353,images/frame1353.jpg,,,1.0,,,,,,
1354,images/frame1354.jpg,,,1.0,,,,,,
1355,images/frame1355.jpg,,,1.0,,,,,,
1356,images/frame1356.jpg,,,1.0,,,,,,
1357,images/frame1357.jpg,,,1.0,,,,,,
1358,images/frame1358.jpg,,,1.0,,,,,,
1359,images/frame1359.jpg,,,1.0,,,,,,
1360,images/frame1360.jpg,,,1.0,,,,,,Head down
1361,images/frame1361.jpg,,,1.0,,,,,,
1362,images/frame1362.jpg,,,1.0,,,,,,
1363,images/frame1363.jpg,,,1.0,,,,,,
1364,images/frame1364.jpg,,,1.0,,,,,True,
1365,images/frame1365.jpg,,,1.0,,,,,,
1366,images/frame1366.jpg,,,1.0,,,,,,
1367,images/frame1367.jpg,,,1.0,,,,,,
1368,images/frame1368.jpg,,,1.0,,,,,,
1369,images/frame1369.jpg,,,1.0,,,,,,
1370,images/frame1370.jpg,,,1.0,,,,,,Head up
1371,images/frame1371.jpg,,,1.0,,,,,,
1372,images/frame1372.jpg,,,1.0,,,,,,
1373,images/frame1373.jpg,,,1.0,,,,,,
1374,images/frame1374.jpg,,,1.0,,,,,,
1375,images/frame1375.jpg,,,1.0,,,,,,
1376,images/frame1376.jpg,,,1.0,,,,,,
1377,images/frame1377.jpg,,,1.0,,,,,,
1378,images/frame1378.jpg,,,1.0,,,,,,
1379,images/frame1379.jpg,,,1.0,,,,,,
1380,images/frame1380.jpg,,,1.0,,,,,,
1381,images/frame1381.jpg,,,1.0,,,,,,
1382,images/frame1382.jpg,,,1.0,,,,,,
1383,images/frame1383.jpg,,,1.0,,,,,,
1384,images/frame1384.jpg,,,1.0,,,,,True,
1385,images/frame1385.jpg,,,1.0,,,,,,
1386,images/frame1386.jpg,,,1.0,,,,,,
1387,images/frame1387.jpg,,,1.0,,,,,,
1388,images/frame1388.jpg,,,1.0,,,,,,
1389,images/frame1389.jpg,,,1.0,,,,,,
1390,images/frame1390.jpg,,,1.0,,,,,,
1391,images/frame1391.jpg,,,1.0,,,,,,
1392,images/frame1392.jpg,,,1.0,,,,,,
1393,images/frame1393.jpg,,,1.0,,,,,,
1394,images/frame1394.jpg,,,1.0,,,,,,
1395,images/frame1395.jpg,,,1.0,,,,,,
1396,images/frame1396.jpg,,,1.0,,,,,,
1397,images/frame1397.jpg,,,1.0,,,,,,
1398,images/frame1398.jpg,,,1.0,,,,,,
1399,images/frame1399.jpg,,,1.0,,,,,,
1400,images/frame1400.jpg,,,1.0,,,,,True,
1401,images/frame1401.jpg,,,1.0,,,,,,
1402,images/frame1402.jpg,,,1.0,,,,,,
1403,images/frame1403.jpg,,,1.0,,,,,,
1404,images/frame1404.jpg,,,1.0,,,,,,
1405,images/frame1405.jpg,,,1.0,,,,,,
1406,images/frame1406.jpg,,,1.0,,,,,,
1407,images/frame1407.jpg,,,1.0,,,,,,
1408,images/frame1408.jpg,,,1.0,,,,,,
1409,images/frame1409.jpg,,,1.0,,,,,,
1410,images/frame1410.jpg,,,1.0,,,,,,
1411,images/frame1411.jpg,,,1.0,,,,,,
1412,images/frame1412.jpg,,,1.0,,,,,,
1413,images/frame1413.jpg,,,1.0,,,,,,
1414,images/frame1414.jpg,,,1.0,,,,,,
